country,iso_code,year,population,gdp,renewables_electricity,renewables_share_energy,renewables_share_elec,solar_electricity,wind_electricity,hydro_electricity,greenhouse_gas_emissions,carbon_intensity_elec
Argentina,ARG,2025,45851379.0,854914363923.0,52.96,14.803,34.58,5.14,18.62,26.25,52.99,346.0
Armenia,ARM,2025,2952355.0,39721734780.0,3.79,,38.992,1.07,0.0,2.72,2.06,211.93
Australia,AUS,2025,26974024.0,1344251444393.0,110.58,14.733,38.618,56.09,39.23,12.22,150.38,525.18
Austria,AUT,2025,9113578.0,398815419150.0,61.21,43.347,83.597,10.31,8.31,37.93,8.56,116.91
Azerbaijan,AZE,2025,10397712.0,175370552026.0,3.41,4.303,12.14,0.0,0.09,3.22,17.75,631.9
Bangladesh,BGD,2025,175686904.0,858143907016.0,2.21,1.095,2.137,1.56,0.0,0.65,71.98,696.13
Belarus,BLR,2025,8997601.0,175773799265.0,2.24,0.969,4.831,0.37,0.48,0.93,14.34,309.25
Belgium,BEL,2025,11758601.0,489678394377.0,28.38,11.454,38.935,10.45,13.72,0.44,10.92,149.82
Bolivia,BOL,2025,12581847.0,78165311428.0,4.92,,36.097,0.4,0.28,3.8,6.56,481.29
Bosnia and Herzegovina,BIH,2025,3140098.0,47069138435.0,6.29,,43.56,0.59,0.37,5.29,8.24,570.64
Brazil,BRA,2025,212812397.0,3187412907763.0,649.97,49.616,86.601,88.64,117.58,388.63,82.52,109.95
Bulgaria,BGR,2025,6714556.0,138390156500.0,12.45,16.425,32.798,6.89,1.32,2.53,10.46,275.55
Cambodia,KHM,2025,17847981.0,65136593996.0,7.26,,40.878,1.89,,5.31,8.86,498.87
Canada,CAN,2025,40126728.0,1761295624423.0,416.91,27.157,63.9,10.17,51.48,344.74,124.43,190.72
Chile,CHL,2025,19859919.0,448338105532.0,58.74,32.254,66.373,22.18,11.58,19.68,25.62,289.49
China,CHN,2025,1416096093.0,26966016991166.0,3920.47,17.472,37.044,1174.96,1135.44,1397.06,5559.88,525.34
Colombia,COL,2025,53425629.0,742716953392.0,69.6,26.093,77.025,4.6,0.15,62.5,16.88,186.81
Costa Rica,CRI,2025,5152949.0,80345898158.0,12.81,,100.0,0.09,1.55,9.58,0.31,24.2
Croatia,HRV,2025,3848164.0,102284645672.0,11.21,27.778,76.259,1.29,3.15,5.77,2.33,158.5
Cyprus,CYP,2025,1370754.0,34255009922.0,1.64,10.795,27.75,1.37,0.21,0.0,2.89,489.0
Czechia,CZE,2025,10609241.0,342966849621.0,12.72,9.746,16.848,4.39,0.57,1.71,30.31,401.46
Denmark,DNK,2025,6002515.0,299429011832.0,30.36,41.722,91.171,4.45,19.21,0.02,3.81,114.41
Dominican Republic,DOM,2025,11520483.0,191182362267.0,5.4,,23.81,2.25,1.42,1.53,12.19,537.48
Ecuador,ECU,2025,18289898.0,175028884708.0,29.06,25.358,79.399,0.04,0.19,28.51,5.82,159.02
Egypt,EGY,2025,118365995.0,1460427350416.0,31.98,5.778,13.015,7.61,9.3,15.07,138.39,563.23
El Salvador,SLV,2025,6365506.0,59270934820.0,5.59,,86.533,1.31,0.2,1.96,0.9,139.32
Estonia,EST,2025,1344236.0,39999856613.0,3.64,17.946,59.574,1.13,1.15,0.03,1.95,319.15
Ethiopia,ETH,2025,135472048.0,269977225159.0,33.37,,100.0,0.04,1.1,32.19,0.77,23.08
Finland,FIN,2025,5623328.0,226154847456.0,46.47,38.894,56.464,0.98,22.58,12.44,4.73,57.47
France,FRA,2025,66650804.0,2671568767031.0,148.56,16.465,26.064,31.82,46.49,59.41,23.62,41.44
Georgia,GEO,2025,3806669.0,70528605169.0,10.75,,79.63,0.03,0.08,10.64,1.97,145.93
Germany,DEU,2025,84075075.0,3909612753939.0,295.74,23.968,59.092,89.62,136.03,19.56,164.98,329.65
Greece,GRC,2025,9938847.0,263892672733.0,28.96,21.055,49.7,12.92,11.91,3.42,18.36,315.09
Hungary,HUN,2025,9632286.0,285385229433.0,14.21,12.706,35.313,10.98,0.6,0.23,6.56,163.02
India,IND,2025,1463865527.0,10476248645535.0,500.98,9.146,24.067,195.99,103.98,177.97,1394.95,670.13
Iran,IRN,2025,92417684.0,1572209055082.0,15.21,1.433,3.843,0.9,1.25,13.03,261.03,659.53
Ireland,IRL,2025,5308035.0,308390920561.0,14.9,22.18,48.142,1.47,11.76,0.65,7.94,256.54
Israel,ISR,2025,9517182.0,336722563455.0,13.9,9.795,16.931,13.28,0.46,0.0,40.45,492.69
Italy,ITA,2025,59146263.0,2136009300257.0,129.11,20.931,48.776,44.63,21.48,41.7,75.38,284.78
Japan,JPN,2025,123103480.0,4774494846664.0,242.73,12.697,23.569,101.06,12.85,73.9,491.51,477.26
Kazakhstan,KAZ,2025,20843758.0,503634062609.0,18.38,5.12,14.86,2.04,5.83,10.51,99.61,805.32
Kenya,KEN,2025,57532491.0,190362153076.0,12.64,,90.028,0.65,2.3,2.94,1.34,95.44
Kosovo,,2025,1674131.0,,0.59,,11.028,0.01,0.35,0.23,4.82,900.94
Kuwait,KWT,2025,5026079.0,218961227193.0,2.07,0.076,2.238,0.21,1.86,0.0,58.76,635.31
Kyrgyzstan,KGZ,2025,7295037.0,31703003147.0,13.37,,84.728,0.0,0.0,13.37,2.41,152.73
Latvia,LVA,2025,1853560.0,51248480035.0,4.58,29.669,73.046,0.82,0.22,2.93,0.87,138.76
Lithuania,LTU,2025,2830150.0,84814257826.0,6.9,23.414,77.615,1.67,3.99,0.35,1.23,138.36
Luxembourg,LUX,2025,680454.0,36128358732.0,1.41,14.278,91.558,0.47,0.47,0.05,0.19,123.38
Malaysia,MYS,2025,35977834.0,877584198429.0,41.53,8.282,20.652,4.51,0.0,35.24,121.05,601.97
Malta,MLT,2025,545406.0,18295132993.0,0.35,,15.982,0.34,0.0,0.0,1.06,484.02
Mexico,MEX,2025,131946897.0,2033437602787.0,82.43,8.251,23.092,26.34,21.38,28.75,169.21,474.02
Moldova,MDA,2025,2996104.0,23827554273.0,0.69,,11.201,0.16,0.16,0.35,3.9,633.12
Mongolia,MNG,2025,3517097.0,44809463232.0,0.81,,8.359,0.21,0.54,0.06,7.91,816.31
Montenegro,MNE,2025,632730.0,12774399882.0,1.86,,75.61,0.14,0.28,1.44,0.65,264.23
Morocco,MAR,2025,38430774.0,311654947615.0,10.66,8.673,23.955,2.57,7.14,0.91,26.54,596.4
Netherlands,NLD,2025,18346823.0,879609110665.0,69.1,18.119,51.2,28.5,33.7,0.05,34.22,253.56
New Zealand,NZL,2025,5251897.0,200602760076.0,38.37,42.554,88.533,0.37,4.22,23.77,4.02,92.76
Nigeria,NGA,2025,237527788.0,1134448580250.0,13.01,,31.319,0.13,0.0,12.82,18.93,455.71
North Macedonia,MKD,2025,1813792.0,28770256385.0,3.22,16.037,47.214,1.62,0.2,1.36,3.01,441.35
Norway,NOR,2025,5623074.0,482328451592.0,159.2,71.812,98.999,0.53,13.56,144.77,4.52,28.11
Oman,OMN,2025,5494696.0,177355008173.0,2.4,1.115,4.542,2.3,0.1,0.0,28.77,544.47
Pakistan,PAK,2025,255219560.0,1318834969356.0,83.37,12.507,42.747,36.61,5.74,39.35,67.59,346.56
Paraguay,PRY,2025,7013079.0,65127634644.0,45.35,,100.0,0.0,0.0,45.11,1.12,24.7
Peru,PER,2025,34576673.0,341677633395.0,38.47,26.656,63.65,1.83,2.11,33.88,14.4,238.25
Philippines,PHL,2025,116786960.0,1014811024029.0,28.7,12.818,23.311,3.0,1.46,12.7,72.43,588.29
Poland,POL,2025,38140913.0,1231021338216.0,54.59,13.045,31.508,19.55,24.62,1.7,101.98,588.6
Portugal,PRT,2025,10411831.0,295712910456.0,41.39,39.741,80.951,8.86,13.67,15.18,6.54,127.91
Puerto Rico,PRI,2025,3235290.0,113895186748.0,1.29,,6.364,1.0,0.23,0.05,13.27,654.66
Qatar,QAT,2025,3115891.0,381778107010.0,2.28,0.811,4.058,2.15,0.0,0.0,32.67,581.52
Romania,ROU,2025,18908655.0,504741667296.0,23.43,19.112,47.039,4.88,5.97,12.09,12.49,250.75
Russia,RUS,2025,143997393.0,3731440829579.0,206.98,5.999,17.353,2.84,3.64,199.73,536.43,449.73
Serbia,SRB,2025,6689038.0,116834638171.0,10.18,,27.799,0.16,1.47,8.14,25.48,695.8
Singapore,SGP,2025,5870749.0,461801118473.0,3.3,0.545,5.486,1.64,0.0,0.0,29.9,497.09
Slovakia,SVK,2025,5474874.0,150360426456.0,5.45,11.295,18.729,0.7,0.0,3.16,2.76,94.85
Slovenia,SVN,2025,2117070.0,69385349463.0,5.88,24.736,39.623,1.54,0.01,4.04,2.72,183.29
South Korea,KOR,2025,51667035.0,2137558645699.0,64.93,4.748,10.394,37.8,3.64,3.8,260.52,417.06
Spain,ESP,2025,47889960.0,1625139888517.0,160.81,25.863,55.858,62.9,58.76,32.74,44.22,153.6
Sri Lanka,LKA,2025,23229474.0,254748598293.0,10.63,23.25,61.623,2.84,0.93,6.59,5.68,329.28
Sweden,SWE,2025,10656636.0,494214521158.0,121.53,51.318,71.191,4.43,38.9,68.24,6.02,35.26
Switzerland,CHE,2025,8967413.0,559384947989.0,44.1,39.868,67.825,7.89,0.14,33.99,2.55,39.22
Taiwan,TWN,2025,23112797.0,1247874288934.0,35.3,6.268,12.24,15.68,12.01,5.51,182.61,633.21
Tajikistan,TJK,2025,10786738.0,50544013546.0,23.28,,94.366,0.0,0.0,23.28,1.79,72.56
Thailand,THA,2025,71619866.0,1124143758569.0,31.2,7.403,16.575,9.98,3.41,7.62,102.73,545.74
Tunisia,TUN,2025,12348576.0,129457959410.0,0.9,,4.034,0.56,0.33,0.01,12.5,560.29
Turkey,TUR,2025,87685427.0,2385996374127.0,153.07,19.786,43.257,37.25,39.42,57.27,167.99,474.74
United Kingdom,GBR,2025,69551334.0,2615230634906.0,151.92,21.293,51.972,19.32,85.84,5.55,63.55,217.41
United States,USA,2025,347275809.0,19493170182843.0,1158.8,12.05,25.638,388.82,464.39,241.7,1737.42,384.4
Uruguay,URY,2025,3384686.0,69066228178.0,11.68,,97.822,0.61,4.85,3.25,0.96,80.4
Uzbekistan,UZB,2025,37053428.0,393572464308.0,16.8,4.582,19.377,6.5,4.0,6.3,86.7,1000.0
Vietnam,VNM,2025,101598530.0,833803909046.0,140.79,21.534,45.418,23.04,14.37,102.35,142.82,460.73
